<?xml version="1.0" encoding="UTF-8" ?>
<!DOCTYPE mapper PUBLIC "-//mybatis.org//DTD Mapper 3.0//EN" "http://mybatis.org/dtd/mybatis-3-mapper.dtd" >
<mapper namespace="com.sungolden.wxapp.dao.AgriPoliticsMapper">

    <resultMap id="BaseResultMap" type="com.sungolden.wxapp.dto.AgriPolitics">
        <id column="uid" property="uid" jdbcType="VARCHAR"/>
        <result column="user_id" property="userId" jdbcType="INTEGER"/>
        <result column="title" property="title" jdbcType="VARCHAR"/>
        <result column="thumbnail" property="thumbnail" jdbcType="VARCHAR"/>
        <result column="updatetime" property="updatetime" jdbcType="TIMESTAMP"/>
        <result column="view_count" property="viewCount" jdbcType="INTEGER"/>
        <result column="content" property="content" jdbcType="LONGVARCHAR"/>
        <result column="is_delete" property="isDelete" jdbcType="BIT"/>
    </resultMap>

    <sql id="Base_Column_List">
        uid, user_id, title, thumbnail, updatetime, view_count, content, is_delete
    </sql>
    <!--获取所有新闻信息-->
    <select id="getPoliticsList" resultMap="BaseResultMap" parameterType="java.lang.String">
        SELECT aps.uid,aps.user_id,aps.title,aps.thumbnail,aps.updatetime,aps.view_count,aps.content,aps.is_delete
        FROM agri_politics aps
    </select>
    <!--获取首页新闻信息-->
    <select id="getIndexNews" resultMap="BaseResultMap">
        SELECT * FROM agri_politics where uid in
        <foreach collection="array" item="l" open="(" separator="," close=")">
            #{l}
        </foreach>
    </select>
    <!--根据uid获取详细内容-->
    <select id="getByUid" resultMap="BaseResultMap" parameterType="java.lang.String">
        SELECT aps.uid,aps.user_id,aps.title,aps.thumbnail,aps.updatetime,aps.view_count,aps.content,aps.is_delete
        FROM agri_politics aps where aps.uid = #{uid,jdbcType=VARCHAR}
    </select>

    <delete id="delete" parameterType="java.lang.String">
        delete from agri_politics
        where uid in
        <foreach collection="array" item="l" open="(" separator="," close=")">
            #{l}
        </foreach>
    </delete>
    <delete id="deleteByPrimaryKey" parameterType="java.lang.String">
        delete from agri_politics
        where uid = #{uid,jdbcType=VARCHAR}
    </delete>
    <!--发布农政信息-->
    <insert id="postData" parameterType="com.sungolden.wxapp.dto.AgriPolitics">
        insert into agri_politics (uid, user_id, title,
        thumbnail, updatetime, view_count,
        content, is_delete)
        values (REPLACE(UUID(), '-', ''), #{userId,jdbcType=INTEGER}, #{title,jdbcType=VARCHAR},
        #{thumbnail,jdbcType=VARCHAR}, #{updatetime,jdbcType=TIMESTAMP}, #{viewCount,jdbcType=INTEGER},
        #{content,jdbcType=LONGVARCHAR}, #{isDelete,jdbcType=BIT})
    </insert>
    <insert id="insert" parameterType="com.sungolden.wxapp.dto.AgriPolitics">
        insert into agri_politics (uid, user_id, title,
        thumbnail, updatetime, view_count,
        content, is_delete)
        values (#{uid,jdbcType=VARCHAR}, #{userId,jdbcType=INTEGER}, #{title,jdbcType=VARCHAR},
        #{thumbnail,jdbcType=VARCHAR}, #{updatetime,jdbcType=TIMESTAMP}, #{viewCount,jdbcType=INTEGER},
        #{content,jdbcType=LONGVARCHAR}, #{isDelete,jdbcType=BIT})
    </insert>

    <insert id="insertSelective" parameterType="com.sungolden.wxapp.dto.AgriPolitics">
        insert into agri_politics
        <trim prefix="(" suffix=")" suffixOverrides=",">
            <if test="uid != null">
                uid,
            </if>
            <if test="userId != null">
                user_id,
            </if>
            <if test="title != null">
                title,
            </if>
            <if test="thumbnail != null">
                thumbnail,
            </if>
            <if test="updatetime != null">
                updatetime,
            </if>
            <if test="viewCount != null">
                view_count,
            </if>
            <if test="content != null">
                content,
            </if>
            <if test="isDelete != null">
                is_delete,
            </if>
        </trim>
        <trim prefix="values (" suffix=")" suffixOverrides=",">
            <if test="uid != null">
                #{uid,jdbcType=VARCHAR},
            </if>
            <if test="userId != null">
                #{userId,jdbcType=INTEGER},
            </if>
            <if test="title != null">
                #{title,jdbcType=VARCHAR},
            </if>
            <if test="thumbnail != null">
                #{thumbnail,jdbcType=VARCHAR},
            </if>
            <if test="updatetime != null">
                #{updatetime,jdbcType=TIMESTAMP},
            </if>
            <if test="viewCount != null">
                #{viewCount,jdbcType=INTEGER},
            </if>
            <if test="content != null">
                #{content,jdbcType=LONGVARCHAR},
            </if>
            <if test="isDelete != null">
                #{isDelete,jdbcType=BIT},
            </if>
        </trim>
    </insert>

    <update id="updateByPrimaryKeySelective" parameterType="com.sungolden.wxapp.dto.AgriPolitics">
        update agri_politics
        <set>
            <if test="userId != null">
                user_id = #{userId,jdbcType=INTEGER},
            </if>
            <if test="title != null">
                title = #{title,jdbcType=VARCHAR},
            </if>
            <if test="thumbnail != null">
                thumbnail = #{thumbnail,jdbcType=VARCHAR},
            </if>
            <if test="updatetime != null">
                updatetime = #{updatetime,jdbcType=TIMESTAMP},
            </if>
            <if test="viewCount != null">
                view_count = #{viewCount,jdbcType=INTEGER},
            </if>
            <if test="content != null">
                content = #{content,jdbcType=LONGVARCHAR},
            </if>
            <if test="isDelete != null">
                is_delete = #{isDelete,jdbcType=BIT},
            </if>
        </set>
        where uid = #{uid,jdbcType=VARCHAR}
    </update>

    <update id="updateCount">
        update agri_politics
        set
        view_count = #{viewCount,jdbcType=INTEGER}
        where uid = #{uid,jdbcType=VARCHAR}
    </update>
    <update id="updateByPrimaryKey" parameterType="com.sungolden.wxapp.dto.AgriPolitics">
        update agri_politics
        set user_id = #{userId,jdbcType=INTEGER},
        title = #{title,jdbcType=VARCHAR},
        thumbnail = #{thumbnail,jdbcType=VARCHAR},
        updatetime = #{updatetime,jdbcType=TIMESTAMP},
        view_count = #{viewCount,jdbcType=INTEGER},
        content = #{content,jdbcType=LONGVARCHAR},
        is_delete = #{isDelete,jdbcType=BIT}
        where uid = #{uid,jdbcType=VARCHAR}
    </update>
</mapper>