<?xml version="1.0" encoding="UTF-8" ?>
<!DOCTYPE mapper PUBLIC "-//mybatis.org//DTD Mapper 3.0//EN" "http://mybatis.org/dtd/mybatis-3-mapper.dtd" >
<mapper namespace="com.sungolden.wxapp.dao.AgriCountyMapper">

    <resultMap id="BaseResultMap" type="com.sungolden.wxapp.dto.AgriCounty">
        <id column="uid" property="uid" jdbcType="VARCHAR"/>
        <result column="growth" property="growth" jdbcType="REAL"/>
        <result column="soil" property="soil" jdbcType="REAL"/>
        <result column="yield" property="yield" jdbcType="REAL"/>
        <result column="updatetime" property="updatetime" jdbcType="TIMESTAMP"/>
        <result column="c_id" property="cId" jdbcType="VARCHAR"/>
        <result column="cname" property="cname" jdbcType="VARCHAR"/>
    </resultMap>

    <sql id="Base_Column_List">
        uid, growth, soil, yield, updatetime,c_id,cname
    </sql>
    <!--全县监测数据-->
    <select id="countyData" resultMap="BaseResultMap" parameterType="java.lang.String">
        select
        uid, growth, soil, yield, updatetime,c_id
        from agri_county
        where c_id = #{cid,jdbcType=VARCHAR}
        and updatetime = (SELECT MAX(updatetime) FROM agri_county where c_id = #{cid,jdbcType=VARCHAR})
    </select>
    <!--列表-->
    <select id="list" resultMap="BaseResultMap" parameterType="java.lang.String">
        select
        <include refid="Base_Column_List"/>
        from agri_county
        where c_id= #{cId,jdbcType=VARCHAR}
    </select>
    <!--列表-->
    <select id="mlist" resultType="com.sungolden.wxapp.dto.AgriCounty">
        select
        ag.uid, ag.growth, ag.soil, ag.yield, ag.updatetime,cr.cid,cr.cname
        from agri_county ag left join crop cr on cr.cid=ag.c_id
    </select>
    <!--当前作物-->
    <select id="now" resultType="com.sungolden.wxapp.dto.Crop">
        select
        *
        from crop
        where isPublish= 1
    </select>
    <!--列表-->
    <select id="crops" resultType="com.sungolden.wxapp.dto.Crop">
        select
        cid,cname,isPublish
        from crop
    </select>
    <select id="selectByPrimaryKey" resultMap="BaseResultMap" parameterType="java.lang.String">
        select
        <include refid="Base_Column_List"/>
        from agri_county
        where uid = #{uid,jdbcType=VARCHAR}
    </select>
    <!--单条多条删除-->
    <delete id="delete" parameterType="java.lang.String">
        delete from agri_county
        where uid in
        <foreach collection="array" open="(" separator="," close=")" item="l">
            #{l}
        </foreach>
    </delete>
    <delete id="deleteByPrimaryKey" parameterType="java.lang.String">
        delete from agri_county
        where uid = #{uid,jdbcType=VARCHAR}
    </delete>

    <insert id="post" parameterType="com.sungolden.wxapp.dto.AgriCounty">
        insert into agri_county (uid, growth, soil,
        yield, updatetime,c_id)
        values (REPLACE(UUID(),'-',''), #{growth,jdbcType=REAL}, #{soil,jdbcType=REAL},
        #{yield,jdbcType=REAL}, #{updatetime,jdbcType=TIMESTAMP}, #{cId,jdbcType=TIMESTAMP})
    </insert>
    <insert id="insert" parameterType="com.sungolden.wxapp.dto.AgriCounty">
        insert into agri_county (uid, growth, soil,
        yield, updatetime)
        values (#{uid,jdbcType=VARCHAR}, #{growth,jdbcType=REAL}, #{soil,jdbcType=REAL},
        #{yield,jdbcType=REAL}, #{updatetime,jdbcType=TIMESTAMP})
    </insert>

    <insert id="insertSelective" parameterType="com.sungolden.wxapp.dto.AgriCounty">
        insert into agri_county
        <trim prefix="(" suffix=")" suffixOverrides=",">
            <if test="uid != null">
                uid,
            </if>
            <if test="growth != null">
                growth,
            </if>
            <if test="soil != null">
                soil,
            </if>
            <if test="yield != null">
                yield,
            </if>
            <if test="updatetime != null">
                updatetime,
            </if>
        </trim>
        <trim prefix="values (" suffix=")" suffixOverrides=",">
            <if test="uid != null">
                #{uid,jdbcType=VARCHAR},
            </if>
            <if test="growth != null">
                #{growth,jdbcType=REAL},
            </if>
            <if test="soil != null">
                #{soil,jdbcType=REAL},
            </if>
            <if test="yield != null">
                #{yield,jdbcType=REAL},
            </if>
            <if test="updatetime != null">
                #{updatetime,jdbcType=TIMESTAMP},
            </if>
        </trim>
    </insert>

    <update id="updateByPrimaryKeySelective" parameterType="com.sungolden.wxapp.dto.AgriCounty">
        update agri_county
        <set>
            <if test="growth != null">
                growth = #{growth,jdbcType=REAL},
            </if>
            <if test="soil != null">
                soil = #{soil,jdbcType=REAL},
            </if>
            <if test="yield != null">
                yield = #{yield,jdbcType=REAL},
            </if>
            <if test="updatetime != null">
                updatetime = #{updatetime,jdbcType=TIMESTAMP},
            </if>
        </set>
        where uid = #{uid,jdbcType=VARCHAR}
    </update>

    <update id="updateByPrimaryKey" parameterType="com.sungolden.wxapp.dto.AgriCounty">
        update agri_county
        set growth = #{growth,jdbcType=REAL},
        soil = #{soil,jdbcType=REAL},
        yield = #{yield,jdbcType=REAL},
        updatetime = #{updatetime,jdbcType=TIMESTAMP}
        where uid = #{uid,jdbcType=VARCHAR}
    </update>
</mapper>