<?xml version="1.0" encoding="UTF-8" ?>
<!DOCTYPE mapper PUBLIC "-//mybatis.org//DTD Mapper 3.0//EN" "http://mybatis.org/dtd/mybatis-3-mapper.dtd" >
<mapper namespace="com.sungolden.wxapp.dao.AgriSuggestionMapper">

    <resultMap id="BaseResultMap" type="com.sungolden.wxapp.dto.AgriSuggestion">
        <id column="uid" property="uid" jdbcType="VARCHAR"/>
        <result column="content" property="content" jdbcType="LONGVARCHAR"/>
        <result column="pid" property="pId" jdbcType="VARCHAR"/>
        <result column="date" property="date" jdbcType="TIMESTAMP"/>
        <result column="cid" property="cId" jdbcType="VARCHAR"/>
    </resultMap>

    <sql id="Base_Column_List">
        uid, content, pid, date,cid
    </sql>
    <!--农田管理建议-->
    <select id="getPid" resultType="com.sungolden.wxapp.dto.Phenological" parameterType="java.lang.String">
        SELECT * FROM phenological
        WHERE crop = #{cid,jdbcType=VARCHAR} AND
        CASE
        WHEN DATE_FORMAT(`start`,'%m-%d') &lt;= DATE_FORMAT(`end`,'%m-%d')
        THEN DATE_FORMAT(NOW(),'%m-%d') &gt;= DATE_FORMAT(`start`,'%m-%d') AND DATE_FORMAT(NOW(),'%m-%d') &lt;=
        DATE_FORMAT(`end`,'%m-%d')
        WHEN DATE_FORMAT(`start`,'%m-%d') &gt;= DATE_FORMAT(`end`,'%m-%d')
        AND DATE_FORMAT(NOW(),'%m-%d') &gt;= DATE_FORMAT(`start`,'%m-%d') AND DATE_FORMAT(NOW(),'%m-%d') &gt;=
        DATE_FORMAT(`end`,'%m-%d')
        THEN DATE_FORMAT(NOW(),'%m-%d') &gt;= DATE_FORMAT(`start`,'%m-%d') AND DATE_FORMAT(NOW(),'%m-%d') &gt;=
        DATE_FORMAT(`end`,'%m-%d')
        WHEN DATE_FORMAT(`start`,'%m-%d') &gt;= DATE_FORMAT(`end`,'%m-%d')
        AND DATE_FORMAT(NOW(),'%m-%d') &lt;= DATE_FORMAT(`start`,'%m-%d') AND DATE_FORMAT(NOW(),'%m-%d') &lt;=
        DATE_FORMAT(`end`,'%m-%d')
        THEN DATE_FORMAT(NOW(),'%m-%d') &lt;= DATE_FORMAT(`start`,'%m-%d') AND DATE_FORMAT(NOW(),'%m-%d') &lt;=
        DATE_FORMAT(`end`,'%m-%d')
        END
    </select>
    <!--农田管理建议-->
    <select id="getSuggestion" resultMap="BaseResultMap" parameterType="java.lang.String">
        select
        <include refid="Base_Column_List"/>
        from agri_suggestion
        where pid = #{pid,jdbcType=VARCHAR}
        AND cid = #{cid,jdbcType=VARCHAR}
        AND `date`=(SELECT MAX(date) FROM agri_suggestion where pid = #{pid,jdbcType=VARCHAR} AND cid =
        #{cid,jdbcType=VARCHAR})
    </select>
    <select id="list" resultType="com.sungolden.wxapp.dto.AgriSuggestion">
        select
        ags.uid, ags.content, ags.pid, ags.date,ags.cid,ph.pname,cr.cname
        from agri_suggestion ags left join crop cr on cr.cid = ags.cid left join
        phenological ph on ph.uid = ags.pid
    </select>
    <select id="selectByPrimaryKey" resultMap="BaseResultMap" parameterType="java.lang.String">
        select
        <include refid="Base_Column_List"/>
        from agri_suggestion
        where uid = #{uid,jdbcType=VARCHAR}
    </select>
    <!--删除、多条删除-->
    <delete id="delete" parameterType="java.lang.String">
        delete from agri_suggestion
        where uid in
        <foreach collection="array" item="l" open="(" separator="," close=")">
            #{l}
        </foreach>
    </delete>
    <delete id="deleteByPrimaryKey" parameterType="java.lang.String">
        delete from agri_suggestion
        where uid = #{uid,jdbcType=VARCHAR}
    </delete>
    <!--发布管理建议-->
    <insert id="insert" parameterType="com.sungolden.wxapp.dto.AgriSuggestion">
        insert into agri_suggestion (uid, content, pid,
        date,cid)
        values (REPLACE(UUID(),'-',''), #{content,jdbcType=LONGVARCHAR}, #{pId,jdbcType=VARCHAR},
        #{date,jdbcType=TIMESTAMP},#{cId,jdbcType=VARCHAR})
    </insert>

    <insert id="insertSelective" parameterType="com.sungolden.wxapp.dto.AgriSuggestion">
        insert into agri_suggestion
        <trim prefix="(" suffix=")" suffixOverrides=",">
            <if test="uid != null">
                uid,
            </if>
            <if test="content != null">
                content,
            </if>
            <if test="pId != null">
                pid,
            </if>
            <if test="date != null">
                date,
            </if>
        </trim>
        <trim prefix="values (" suffix=")" suffixOverrides=",">
            <if test="uid != null">
                #{uid,jdbcType=VARCHAR},
            </if>
            <if test="content != null">
                #{content,jdbcType=LONGVARCHAR},
            </if>
            <if test="pId != null">
                #{pId,jdbcType=VARCHAR},
            </if>
            <if test="date != null">
                #{date,jdbcType=TIMESTAMP},
            </if>
        </trim>
    </insert>

    <update id="updateByPrimaryKeySelective" parameterType="com.sungolden.wxapp.dto.AgriSuggestion">
        update agri_suggestion
        <set>
            <if test="content != null">
                content = #{content,jdbcType=LONGVARCHAR},
            </if>
            <if test="pId != null">
                pid = #{pId,jdbcType=VARCHAR},
            </if>
            <if test="date != null">
                date = #{date,jdbcType=TIMESTAMP},
            </if>
        </set>
        where uid = #{uid,jdbcType=VARCHAR}
    </update>

    <update id="updateByPrimaryKey" parameterType="com.sungolden.wxapp.dto.AgriSuggestion">
        update agri_suggestion
        set content = #{content,jdbcType=LONGVARCHAR},
        pid = #{pId,jdbcType=VARCHAR},
        date = #{date,jdbcType=TIMESTAMP}
        where uid = #{uid,jdbcType=VARCHAR}
    </update>
</mapper>