<?xml version="1.0" encoding="UTF-8" ?>
<!DOCTYPE mapper PUBLIC "-//mybatis.org//DTD Mapper 3.0//EN" "http://mybatis.org/dtd/mybatis-3-mapper.dtd" >
<mapper namespace="com.sungolden.wxapp.dao.AgriMachineMapper">

    <resultMap id="BaseResultMap" type="com.sungolden.wxapp.dto.AgriMachine">
        <id column="uid" property="uid" jdbcType="VARCHAR"/>
        <result column="user_id" property="userId" jdbcType="INTEGER"/>
        <result column="type" property="type" jdbcType="VARCHAR"/>
        <result column="updatetime" property="updatetime" jdbcType="TIMESTAMP"/>
        <result column="content" property="content" jdbcType="VARCHAR"/>
        <result column="pictures" property="pictures" jdbcType="VARCHAR"/>
        <result column="address" property="address" jdbcType="VARCHAR"/>
        <result column="location" property="location" jdbcType="BINARY"/>
        <result column="is_delete" property="isDelete" jdbcType="BIT"/>
        <result column="wx_ico" property="wxIco" jdbcType="VARCHAR"/>
        <result column="ico" property="Ico" jdbcType="VARCHAR"/>
        <result column="wx_nickname" property="wxNickName" jdbcType="VARCHAR"/>
    </resultMap>

    <sql id="Base_Column_List">
        uid, user_id, type, updatetime, content, pictures, address, location, is_delete
    </sql>
    <!--农机帖子列表  默认租农机显示-->
    <select id="getMachine" resultMap="BaseResultMap" parameterType="java.lang.String">
        SELECT agrm.uid,agrm.user_id,agrm.type,agrm.updatetime,agrm.content,
        agrm.pictures,agrm.address,agrm.location,agrm.is_delete,us.wx_ico,us.wx_nickname,us.ico
        FROM agri_machine agrm LEFT JOIN user us ON us.id=agrm.user_id where agrm.is_delete=0
        ORDER BY agrm.updatetime DESC
    </select>
    <!--获取帖子详情-->
    <select id="getByUid" resultMap="BaseResultMap" parameterType="java.lang.String">
        SELECT agrm.uid,agrm.user_id,agrm.type,agrm.updatetime,agrm.content,
        agrm.pictures,agrm.address,agrm.location,agrm.is_delete,us.wx_ico,us.wx_nickname
        FROM agri_machine agrm LEFT JOIN user us ON us.id=agrm.user_id WHERE agrm.uid = #{uid,jdbcType=VARCHAR} and
        agrm.is_delete=0
    </select>
    <!--删除帖子-->
    <update id="delInvitation" parameterType="java.lang.String">
        update agri_machine
        set
        is_delete = 1
        where uid = #{uid,jdbcType=VARCHAR}
    </update>
    <!--发布农机帖子-->
    <insert id="sendInvitation" parameterType="com.sungolden.wxapp.dto.AgriMachine">
        insert into agri_machine (uid, user_id, type,
        updatetime, content, pictures,
        address, location, is_delete
        )
        values (REPLACE(UUID(), '-', ''), #{userId,jdbcType=INTEGER}, #{type,jdbcType=VARCHAR},
        #{updatetime,jdbcType=TIMESTAMP}, #{content,jdbcType=VARCHAR}, #{pictures,jdbcType=VARCHAR},
        #{address,jdbcType=VARCHAR}, #{location,jdbcType=BINARY}, #{isDelete,jdbcType=BIT}
        )
    </insert>
    <select id="selectByPrimaryKey" resultMap="BaseResultMap" parameterType="java.lang.String">
        select
        <include refid="Base_Column_List"/>
        from agri_machine
        where uid = #{uid,jdbcType=VARCHAR}
    </select>

    <delete id="deleteByPrimaryKey" parameterType="java.lang.String">
        delete from agri_machine
        where uid = #{uid,jdbcType=VARCHAR}
    </delete>

    <insert id="insert" parameterType="com.sungolden.wxapp.dto.AgriMachine">
        insert into agri_machine (uid, user_id, type,
        updatetime, content, pictures,
        address, location, is_delete
        )
        values (#{uid,jdbcType=VARCHAR}, #{userId,jdbcType=INTEGER}, #{type,jdbcType=VARCHAR},
        #{updatetime,jdbcType=TIMESTAMP}, #{content,jdbcType=VARCHAR}, #{pictures,jdbcType=VARCHAR},
        #{address,jdbcType=VARCHAR}, #{location,jdbcType=BINARY}, #{isDelete,jdbcType=BIT}
        )
    </insert>

    <insert id="insertSelective" parameterType="com.sungolden.wxapp.dto.AgriMachine">
        insert into agri_machine
        <trim prefix="(" suffix=")" suffixOverrides=",">
            <if test="uid != null">
                uid,
            </if>
            <if test="userId != null">
                user_id,
            </if>
            <if test="type != null">
                type,
            </if>
            <if test="updatetime != null">
                updatetime,
            </if>
            <if test="content != null">
                content,
            </if>
            <if test="pictures != null">
                pictures,
            </if>
            <if test="address != null">
                address,
            </if>
            <if test="location != null">
                location,
            </if>
            <if test="isDelete != null">
                is_delete,
            </if>
        </trim>
        <trim prefix="values (" suffix=")" suffixOverrides=",">
            <if test="uid != null">
                #{uid,jdbcType=VARCHAR},
            </if>
            <if test="userId != null">
                #{userId,jdbcType=INTEGER},
            </if>
            <if test="type != null">
                #{type,jdbcType=VARCHAR},
            </if>
            <if test="updatetime != null">
                #{updatetime,jdbcType=TIMESTAMP},
            </if>
            <if test="content != null">
                #{content,jdbcType=VARCHAR},
            </if>
            <if test="pictures != null">
                #{pictures,jdbcType=VARCHAR},
            </if>
            <if test="address != null">
                #{address,jdbcType=VARCHAR},
            </if>
            <if test="location != null">
                #{location,jdbcType=BINARY},
            </if>
            <if test="isDelete != null">
                #{isDelete,jdbcType=BIT},
            </if>
        </trim>
    </insert>

    <update id="updateByPrimaryKeySelective" parameterType="com.sungolden.wxapp.dto.AgriMachine">
        update agri_machine
        <set>
            <if test="userId != null">
                user_id = #{userId,jdbcType=INTEGER},
            </if>
            <if test="type != null">
                type = #{type,jdbcType=VARCHAR},
            </if>
            <if test="updatetime != null">
                updatetime = #{updatetime,jdbcType=TIMESTAMP},
            </if>
            <if test="content != null">
                content = #{content,jdbcType=VARCHAR},
            </if>
            <if test="pictures != null">
                pictures = #{pictures,jdbcType=VARCHAR},
            </if>
            <if test="address != null">
                address = #{address,jdbcType=VARCHAR},
            </if>
            <if test="location != null">
                location = #{location,jdbcType=BINARY},
            </if>
            <if test="isDelete != null">
                is_delete = #{isDelete,jdbcType=BIT},
            </if>
        </set>
        where uid = #{uid,jdbcType=VARCHAR}
    </update>

    <update id="updateByPrimaryKey" parameterType="com.sungolden.wxapp.dto.AgriMachine">
        update agri_machine
        set user_id = #{userId,jdbcType=INTEGER},
        type = #{type,jdbcType=VARCHAR},
        updatetime = #{updatetime,jdbcType=TIMESTAMP},
        content = #{content,jdbcType=VARCHAR},
        pictures = #{pictures,jdbcType=VARCHAR},
        address = #{address,jdbcType=VARCHAR},
        location = #{location,jdbcType=BINARY},
        is_delete = #{isDelete,jdbcType=BIT}
        where uid = #{uid,jdbcType=VARCHAR}
    </update>
</mapper>