<?xml version="1.0" encoding="UTF-8" ?>
<!DOCTYPE mapper PUBLIC "-//mybatis.org//DTD Mapper 3.0//EN" "http://mybatis.org/dtd/mybatis-3-mapper.dtd" >
<mapper namespace="com.sungolden.wxapp.dao.CalamityMapper">

    <resultMap id="BaseResultMap" type="com.sungolden.wxapp.dto.Calamity">
        <id column="uid" property="uid" jdbcType="VARCHAR"/>
        <result column="type" property="type" jdbcType="VARCHAR"/>
        <result column="title" property="title" jdbcType="VARCHAR"/>
        <result column="thumbnail" property="thumbnail" jdbcType="VARCHAR"/>
        <result column="summary" property="summary" jdbcType="VARCHAR"/>
        <result column="content" property="content" jdbcType="LONGVARCHAR"/>
    </resultMap>

    <sql id="Base_Column_List">
        uid, type, title, thumbnail, summary, content
    </sql>
    <!--根据类型编号查询该类型下的具体灾害信息列表-->
    <select id="getDetialByTypeId" resultMap="BaseResultMap" parameterType="java.lang.String">
        SELECT ca.uid,ca.type,ca.title,ca.thumbnail,ca.summary,ca.content
        FROM calamity ca LEFT JOIN event_type et ON ca.type =et.uid
        WHERE et.uid =#{uid,jdbcType=VARCHAR}
    </select>
    <!--根据灾害编号获取具体信息-->
    <select id="getByUid" resultMap="BaseResultMap" parameterType="java.lang.String">
        select
        <include refid="Base_Column_List"/>
        from calamity
        where uid = #{uid,jdbcType=VARCHAR}
    </select>
    <!--根据灾害编号获取具体信息-->
    <select id="list" resultType="com.sungolden.wxapp.dto.Calamity">
        SELECT ca.uid,ca.type,ca.title,ca.thumbnail,ca.summary,ca.content,et.`name`,ph.pname,cr.cname
        ,cr.cid as cropId,ph.uid as phenologicalId,et.uid as eid
        FROM calamity ca
        LEFT JOIN event_type et ON ca.type =et.uid
        LEFT JOIN phenological ph ON ph.uid=et.pid
        LEFT JOIN crop cr ON cr.cid = ph.crop
    </select>

    <select id="selectByPrimaryKey" resultMap="BaseResultMap" parameterType="java.lang.String">
        select
        <include refid="Base_Column_List"/>
        from calamity
        where uid = #{uid,jdbcType=VARCHAR}
    </select>

    <delete id="delete" parameterType="java.lang.String">
        delete from calamity
        where uid in
        <foreach collection="array" item="l" open="(" separator="," close=")">
            #{l}
        </foreach>
    </delete>
    <delete id="deleteByPrimaryKey" parameterType="java.lang.String">
        delete from calamity
        where uid = #{uid,jdbcType=VARCHAR}
    </delete>

    <insert id="insert" parameterType="com.sungolden.wxapp.dto.Calamity">
        insert into calamity (uid, type, title,
        thumbnail, summary, content
        )
        values (REPLACE(UUID(),'-',''), #{type,jdbcType=VARCHAR}, #{title,jdbcType=VARCHAR},
        #{thumbnail,jdbcType=VARCHAR}, #{summary,jdbcType=VARCHAR}, #{content,jdbcType=LONGVARCHAR}
        )
    </insert>

    <insert id="insertSelective" parameterType="com.sungolden.wxapp.dto.Calamity">
        insert into calamity
        <trim prefix="(" suffix=")" suffixOverrides=",">
            <if test="uid != null">
                uid,
            </if>
            <if test="type != null">
                type,
            </if>
            <if test="title != null">
                title,
            </if>
            <if test="thumbnail != null">
                thumbnail,
            </if>
            <if test="summary != null">
                summary,
            </if>
            <if test="content != null">
                content,
            </if>
        </trim>
        <trim prefix="values (" suffix=")" suffixOverrides=",">
            <if test="uid != null">
                #{uid,jdbcType=VARCHAR},
            </if>
            <if test="type != null">
                #{type,jdbcType=VARCHAR},
            </if>
            <if test="title != null">
                #{title,jdbcType=VARCHAR},
            </if>
            <if test="thumbnail != null">
                #{thumbnail,jdbcType=VARCHAR},
            </if>
            <if test="summary != null">
                #{summary,jdbcType=VARCHAR},
            </if>
            <if test="content != null">
                #{content,jdbcType=LONGVARCHAR},
            </if>
        </trim>
    </insert>

    <update id="updateByPrimaryKeySelective" parameterType="com.sungolden.wxapp.dto.Calamity">
        update calamity
        <set>
            <if test="type != null">
                type = #{type,jdbcType=VARCHAR},
            </if>
            <if test="title != null">
                title = #{title,jdbcType=VARCHAR},
            </if>
            <if test="thumbnail != null">
                thumbnail = #{thumbnail,jdbcType=VARCHAR},
            </if>
            <if test="summary != null">
                summary = #{summary,jdbcType=VARCHAR},
            </if>
            <if test="content != null">
                content = #{content,jdbcType=LONGVARCHAR},
            </if>
        </set>
        where uid = #{uid,jdbcType=VARCHAR}
    </update>

    <update id="updateByPrimaryKey" parameterType="com.sungolden.wxapp.dto.Calamity">
        update calamity
        set type = #{type,jdbcType=VARCHAR},
        title = #{title,jdbcType=VARCHAR},
        thumbnail = #{thumbnail,jdbcType=VARCHAR},
        summary = #{summary,jdbcType=VARCHAR},
        content = #{content,jdbcType=LONGVARCHAR}
        where uid = #{uid,jdbcType=VARCHAR}
    </update>
</mapper>