<?xml version="1.0" encoding="UTF-8" ?>
<!DOCTYPE mapper PUBLIC "-//mybatis.org//DTD Mapper 3.0//EN" "http://mybatis.org/dtd/mybatis-3-mapper.dtd" >
<mapper namespace="com.sungolden.wxapp.dao.DemoMapper">

    <resultMap id="BaseResultMap" type="com.sungolden.wxapp.dto.Demo">
        <id column="id" property="id" jdbcType="INTEGER"/>
        <result column="name" property="name" jdbcType="VARCHAR"/>
        <result column="sex" property="sex" jdbcType="INTEGER"/>
    </resultMap>

    <sql id="Base_Column_List">
        id, name, sex
    </sql>

    <select id="demo" resultMap="BaseResultMap">
        select
        *
        from demo
    </select>

    <delete id="deleteByPrimaryKey" parameterType="java.lang.Integer">
        delete from demo
        where id = #{id,jdbcType=INTEGER}
    </delete>

    <insert id="insert" parameterType="com.sungolden.wxapp.dto.Demo">
        insert into demo (id, name, sex
        )
        values (#{id,jdbcType=INTEGER}, #{name,jdbcType=VARCHAR}, #{sex,jdbcType=INTEGER}
        )
    </insert>

    <insert id="insertSelective" parameterType="com.sungolden.wxapp.dto.Demo">
        insert into demo
        <trim prefix="(" suffix=")" suffixOverrides=",">
            <if test="id != null">
                id,
            </if>
            <if test="name != null">
                name,
            </if>
            <if test="sex != null">
                sex,
            </if>
        </trim>
        <trim prefix="values (" suffix=")" suffixOverrides=",">
            <if test="id != null">
                #{id,jdbcType=INTEGER},
            </if>
            <if test="name != null">
                #{name,jdbcType=VARCHAR},
            </if>
            <if test="sex != null">
                #{sex,jdbcType=INTEGER},
            </if>
        </trim>
    </insert>

    <update id="updateByPrimaryKeySelective" parameterType="com.sungolden.wxapp.dto.Demo">
        update demo
        <set>
            <if test="name != null">
                name = #{name,jdbcType=VARCHAR},
            </if>
            <if test="sex != null">
                sex = #{sex,jdbcType=INTEGER},
            </if>
        </set>
        where id = #{id,jdbcType=INTEGER}
    </update>

    <update id="updateByPrimaryKey" parameterType="com.sungolden.wxapp.dto.Demo">
        update demo
        set name = #{name,jdbcType=VARCHAR},
        sex = #{sex,jdbcType=INTEGER}
        where id = #{id,jdbcType=INTEGER}
    </update>
</mapper>