<?xml version="1.0" encoding="UTF-8" ?>
<!DOCTYPE mapper PUBLIC "-//mybatis.org//DTD Mapper 3.0//EN" "http://mybatis.org/dtd/mybatis-3-mapper.dtd" >
<mapper namespace="com.sungolden.wxapp.dao.EventTypeMapper">

    <resultMap id="BaseResultMap" type="com.sungolden.wxapp.dto.EventType">
        <id column="uid" property="uid" jdbcType="VARCHAR"/>
        <result column="name" property="name" jdbcType="VARCHAR"/>
        <result column="pid" property="pId" jdbcType="VARCHAR"/>
    </resultMap>

    <sql id="Base_Column_List">
        uid, name,pid
    </sql>
    <!--根据物候期编号查找该阶段下易发草、虫害-->
    <select id="getNameList" resultMap="BaseResultMap" parameterType="java.lang.String">
        select
        <include refid="Base_Column_List"/>
        from event_type
        where pid = #{uid,jdbcType=VARCHAR}
    </select>

    <delete id="deleteByPrimaryKey" parameterType="java.lang.String">
        delete from event_type
        where uid = #{uid,jdbcType=VARCHAR}
    </delete>

    <insert id="insert" parameterType="java.util.List">
        insert into event_type (uid, name,pid)
        values
        <foreach collection="list" item="eventTy" separator="," index="index">
            (REPLACE(UUID(),'-',''), #{eventTy.name,jdbcType=VARCHAR},#{eventTy.pId,jdbcType=VARCHAR})
        </foreach>
    </insert>

    <insert id="insertSelective" parameterType="com.sungolden.wxapp.dto.EventType">
        insert into event_type
        <trim prefix="(" suffix=")" suffixOverrides=",">
            <if test="uid != null">
                uid,
            </if>
            <if test="name != null">
                name,
            </if>
        </trim>
        <trim prefix="values (" suffix=")" suffixOverrides=",">
            <if test="uid != null">
                #{uid,jdbcType=VARCHAR},
            </if>
            <if test="name != null">
                #{name,jdbcType=VARCHAR},
            </if>
        </trim>
    </insert>

    <update id="updateByPrimaryKeySelective" parameterType="com.sungolden.wxapp.dto.EventType">
        update event_type
        <set>
            <if test="name != null">
                name = #{name,jdbcType=VARCHAR},
            </if>
        </set>
        where uid = #{uid,jdbcType=VARCHAR}
    </update>

    <update id="updateByPrimaryKey" parameterType="com.sungolden.wxapp.dto.EventType">
        update event_type
        set name = #{name,jdbcType=VARCHAR}
        where uid = #{uid,jdbcType=VARCHAR}
    </update>
</mapper>