<?xml version="1.0" encoding="UTF-8" ?>
<!DOCTYPE mapper PUBLIC "-//mybatis.org//DTD Mapper 3.0//EN" "http://mybatis.org/dtd/mybatis-3-mapper.dtd" >
<mapper namespace="com.sungolden.wxapp.dao.FavoriteMapper">

    <resultMap id="BaseResultMap" type="com.sungolden.wxapp.dto.Favorite">
        <id column="uid" property="uid" jdbcType="VARCHAR"/>
        <result column="user_id" property="userId" jdbcType="INTEGER"/>
        <result column="fav_id" property="favId" jdbcType="INTEGER"/>
        <result column="invitation_id" property="invitationId" jdbcType="VARCHAR"/>
        <result column="type" property="type" jdbcType="INTEGER"/>
        <result column="summary" property="summary" jdbcType="VARCHAR"/>
        <result column="updatetime" property="updatetime" jdbcType="TIMESTAMP"/>
    </resultMap>

    <sql id="Base_Column_List">
        uid, user_id, invitation_id, type, summary,updatetime
    </sql>

    <select id="selectByPrimaryKey" resultMap="BaseResultMap" parameterType="java.lang.String">
        select
        <include refid="Base_Column_List"/>
        from favorite
        where uid = #{uid,jdbcType=VARCHAR}
    </select>
    <!--是否收藏-->
    <select id="checkFavorite" resultMap="BaseResultMap">
        select
        <include refid="Base_Column_List"/>
        from favorite
        where invitation_id = #{invitationId,jdbcType=VARCHAR} and user_id = #{userId,jdbcType=INTEGER}
    </select>
    <!--是否收藏-->
    <select id="select" resultMap="BaseResultMap">
        select
        <include refid="Base_Column_List"/>
        from favorite
        where invitation_id = #{uid,jdbcType=VARCHAR} and user_id = #{userId,jdbcType=INTEGER}
    </select>
    <!--收藏列表-->
    <select id="getListByUserId" resultMap="BaseResultMap" parameterType="java.lang.Integer">
        select
        <include refid="Base_Column_List"/>
        from favorite
        where user_id = #{userId,jdbcType=INTEGER} order by updatetime desc
    </select>
    <!--取消收藏-->
    <delete id="deleteByPrimaryKey">
        delete from favorite
        where invitation_id = #{uid,jdbcType=VARCHAR} and user_id = #{userId,jdbcType=INTEGER}
    </delete>
    <!--收藏-->
    <insert id="insert" parameterType="com.sungolden.wxapp.dto.Favorite">
        insert into favorite (uid,fav_id, user_id, invitation_id,
        type, summary,updatetime)
        values (REPLACE(UUID(), '-', ''), #{favId,jdbcType=INTEGER},#{userId,jdbcType=INTEGER},
        #{invitationId,jdbcType=VARCHAR},
        #{type,jdbcType=INTEGER}, #{summary,jdbcType=VARCHAR},#{updatetime,jdbcType=TIMESTAMP})
    </insert>

    <insert id="insertSelective" parameterType="com.sungolden.wxapp.dto.Favorite">
        insert into favorite
        <trim prefix="(" suffix=")" suffixOverrides=",">
            <if test="uid != null">
                uid,
            </if>
            <if test="userId != null">
                user_id,
            </if>
            <if test="invitationId != null">
                invitation_id,
            </if>
            <if test="type != null">
                type,
            </if>
            <if test="summary != null">
                summary,
            </if>
        </trim>
        <trim prefix="values (" suffix=")" suffixOverrides=",">
            <if test="uid != null">
                #{uid,jdbcType=VARCHAR},
            </if>
            <if test="userId != null">
                #{userId,jdbcType=INTEGER},
            </if>
            <if test="invitationId != null">
                #{invitationId,jdbcType=VARCHAR},
            </if>
            <if test="type != null">
                #{type,jdbcType=INTEGER},
            </if>
            <if test="summary != null">
                #{summary,jdbcType=VARCHAR},
            </if>
        </trim>
    </insert>

    <update id="updateByPrimaryKeySelective" parameterType="com.sungolden.wxapp.dto.Favorite">
        update favorite
        <set>
            <if test="userId != null">
                user_id = #{userId,jdbcType=INTEGER},
            </if>
            <if test="invitationId != null">
                invitation_id = #{invitationId,jdbcType=VARCHAR},
            </if>
            <if test="type != null">
                type = #{type,jdbcType=INTEGER},
            </if>
            <if test="summary != null">
                summary = #{summary,jdbcType=VARCHAR},
            </if>
        </set>
        where uid = #{uid,jdbcType=VARCHAR}
    </update>

    <update id="updateByPrimaryKey" parameterType="com.sungolden.wxapp.dto.Favorite">
        update favorite
        set user_id = #{userId,jdbcType=INTEGER},
        invitation_id = #{invitationId,jdbcType=VARCHAR},
        type = #{type,jdbcType=INTEGER},
        summary = #{summary,jdbcType=VARCHAR}
        where uid = #{uid,jdbcType=VARCHAR}
    </update>
</mapper>