<?xml version="1.0" encoding="UTF-8" ?>
<!DOCTYPE mapper PUBLIC "-//mybatis.org//DTD Mapper 3.0//EN" "http://mybatis.org/dtd/mybatis-3-mapper.dtd" >
<mapper namespace="com.sungolden.wxapp.dao.FeedbackMapper">

    <resultMap id="BaseResultMap" type="com.sungolden.wxapp.dto.Feedback">
        <id column="uid" property="uid" jdbcType="VARCHAR"/>
        <result column="user_id" property="userId" jdbcType="INTEGER"/>
        <result column="content" property="content" jdbcType="VARCHAR"/>
        <result column="pictures" property="pictures" jdbcType="VARCHAR"/>
        <result column="updatetime" property="updatetime" jdbcType="TIMESTAMP"/>
    </resultMap>

    <sql id="Base_Column_List">
        uid, user_id, content, pictures
    </sql>
    <!--feedlist-->
    <select id="getList" resultMap="BaseResultMap">
        select
        <include refid="Base_Column_List"/>
        from feedback
    </select>
    <select id="selectByPrimaryKey" resultMap="BaseResultMap" parameterType="java.lang.String">
        select
        <include refid="Base_Column_List"/>
        from feedback
        where uid = #{uid,jdbcType=VARCHAR}
    </select>

    <delete id="deleteByPrimaryKey" parameterType="java.lang.String">
        delete from feedback
        where uid = #{uid,jdbcType=VARCHAR}
    </delete>

    <insert id="insert" parameterType="com.sungolden.wxapp.dto.Feedback">
        insert into feedback (uid, user_id, content,
        pictures,updatetime)
        values (REPLACE(UUID(), '-', ''), #{userId,jdbcType=INTEGER}, #{content,jdbcType=VARCHAR},
        #{pictures,jdbcType=VARCHAR},#{updatetime,jdbcType=TIMESTAMP})
    </insert>

    <insert id="insertSelective" parameterType="com.sungolden.wxapp.dto.Feedback">
        insert into feedback
        <trim prefix="(" suffix=")" suffixOverrides=",">
            <if test="uid != null">
                uid,
            </if>
            <if test="userId != null">
                user_id,
            </if>
            <if test="content != null">
                content,
            </if>
            <if test="pictures != null">
                pictures,
            </if>
        </trim>
        <trim prefix="values (" suffix=")" suffixOverrides=",">
            <if test="uid != null">
                #{uid,jdbcType=VARCHAR},
            </if>
            <if test="userId != null">
                #{userId,jdbcType=INTEGER},
            </if>
            <if test="content != null">
                #{content,jdbcType=VARCHAR},
            </if>
            <if test="pictures != null">
                #{pictures,jdbcType=VARCHAR},
            </if>
        </trim>
    </insert>

    <update id="updateByPrimaryKeySelective" parameterType="com.sungolden.wxapp.dto.Feedback">
        update feedback
        <set>
            <if test="userId != null">
                user_id = #{userId,jdbcType=INTEGER},
            </if>
            <if test="content != null">
                content = #{content,jdbcType=VARCHAR},
            </if>
            <if test="pictures != null">
                pictures = #{pictures,jdbcType=VARCHAR},
            </if>
        </set>
        where uid = #{uid,jdbcType=VARCHAR}
    </update>

    <update id="updateByPrimaryKey" parameterType="com.sungolden.wxapp.dto.Feedback">
        update feedback
        set user_id = #{userId,jdbcType=INTEGER},
        content = #{content,jdbcType=VARCHAR},
        pictures = #{pictures,jdbcType=VARCHAR}
        where uid = #{uid,jdbcType=VARCHAR}
    </update>
</mapper>