<?xml version="1.0" encoding="UTF-8" ?>
<!DOCTYPE mapper PUBLIC "-//mybatis.org//DTD Mapper 3.0//EN" "http://mybatis.org/dtd/mybatis-3-mapper.dtd" >
<mapper namespace="com.sungolden.wxapp.dao.InvitationCommentMapper">

    <resultMap id="BaseResultMap" type="com.sungolden.wxapp.dto.InvitationComment">
        <id column="uid" property="uid" jdbcType="VARCHAR"/>
        <result column="user_id" property="userId" jdbcType="INTEGER"/>
        <result column="invitation_id" property="invitationId" jdbcType="VARCHAR"/>
        <result column="dest_id" property="destId" jdbcType="INTEGER"/>
        <result column="content" property="content" jdbcType="VARCHAR"/>
        <result column="updatetime" property="updatetime" jdbcType="TIMESTAMP"/>
        <result column="is_delete" property="isDelete" jdbcType="BIT"/>
        <result column="wx_nickname" property="wxNickName" jdbcType="VARCHAR"/>
        <result column="user_name" property="userName" jdbcType="VARCHAR"/>
        <result column="dest_name" property="destName" jdbcType="VARCHAR"/>
    </resultMap>

    <sql id="Base_Column_List">
        uid, user_id, invitation_id, dest_id, content, updatetime, is_delete
    </sql>
    <!--评论列表-->
    <select id="getCommentByUid" resultMap="BaseResultMap" parameterType="java.lang.String">
        SELECT tc.uid,tc.user_id,tc.invitation_id,tc.dest_id,tc.content,tc.updatetime,tc.is_delete,ut.wx_nickname
        user_name,u.wx_nickname dest_name
        FROM invitation_comment tc LEFT JOIN user u ON u.id=tc.dest_id LEFT JOIN `user` ut ON ut.id= tc.user_id
        WHERE tc.invitation_id= #{invitationId,jdbcType=VARCHAR} AND tc.is_delete=0 GROUP BY tc.updatetime
    </select>
    <!--评论-->
    <insert id="sendCommemt" parameterType="com.sungolden.wxapp.dto.InvitationComment">
        insert into invitation_comment (uid, user_id, invitation_id,
        dest_id, content, updatetime,
        is_delete)
        values (REPLACE(UUID(),'-', ''), #{userId,jdbcType=INTEGER}, #{invitationId,jdbcType=VARCHAR},
        #{destId,jdbcType=INTEGER}, #{content,jdbcType=VARCHAR}, #{updatetime,jdbcType=TIMESTAMP},
        #{isDelete,jdbcType=BIT})
    </insert>
    <select id="selectByPrimaryKey" resultMap="BaseResultMap" parameterType="java.lang.String">
        select
        <include refid="Base_Column_List"/>
        from invitation_comment
        where uid = #{uid,jdbcType=VARCHAR}
    </select>

    <delete id="deleteByPrimaryKey" parameterType="java.lang.String">
        delete from invitation_comment
        where uid = #{uid,jdbcType=VARCHAR}
    </delete>

    <insert id="insert" parameterType="com.sungolden.wxapp.dto.InvitationComment">
        insert into invitation_comment (uid, user_id, invitation_id,
        dest_id, content, updatetime,
        is_delete)
        values (#{uid,jdbcType=VARCHAR}, #{userId,jdbcType=INTEGER}, #{invitationId,jdbcType=VARCHAR},
        #{destId,jdbcType=INTEGER}, #{content,jdbcType=VARCHAR}, #{updatetime,jdbcType=TIMESTAMP},
        #{isDelete,jdbcType=BIT})
    </insert>

    <insert id="insertSelective" parameterType="com.sungolden.wxapp.dto.InvitationComment">
        insert into invitation_comment
        <trim prefix="(" suffix=")" suffixOverrides=",">
            <if test="uid != null">
                uid,
            </if>
            <if test="userId != null">
                user_id,
            </if>
            <if test="invitationId != null">
                invitation_id,
            </if>
            <if test="destId != null">
                dest_id,
            </if>
            <if test="content != null">
                content,
            </if>
            <if test="updatetime != null">
                updatetime,
            </if>
            <if test="isDelete != null">
                is_delete,
            </if>
        </trim>
        <trim prefix="values (" suffix=")" suffixOverrides=",">
            <if test="uid != null">
                #{uid,jdbcType=VARCHAR},
            </if>
            <if test="userId != null">
                #{userId,jdbcType=INTEGER},
            </if>
            <if test="invitationId != null">
                #{invitationId,jdbcType=VARCHAR},
            </if>
            <if test="destId != null">
                #{destId,jdbcType=INTEGER},
            </if>
            <if test="content != null">
                #{content,jdbcType=VARCHAR},
            </if>
            <if test="updatetime != null">
                #{updatetime,jdbcType=TIMESTAMP},
            </if>
            <if test="isDelete != null">
                #{isDelete,jdbcType=BIT},
            </if>
        </trim>
    </insert>

    <update id="updateByPrimaryKeySelective" parameterType="com.sungolden.wxapp.dto.InvitationComment">
        update invitation_comment
        <set>
            <if test="userId != null">
                user_id = #{userId,jdbcType=INTEGER},
            </if>
            <if test="invitationId != null">
                invitation_id = #{invitationId,jdbcType=VARCHAR},
            </if>
            <if test="destId != null">
                dest_id = #{destId,jdbcType=INTEGER},
            </if>
            <if test="content != null">
                content = #{content,jdbcType=VARCHAR},
            </if>
            <if test="updatetime != null">
                updatetime = #{updatetime,jdbcType=TIMESTAMP},
            </if>
            <if test="isDelete != null">
                is_delete = #{isDelete,jdbcType=BIT},
            </if>
        </set>
        where uid = #{uid,jdbcType=VARCHAR}
    </update>
    <!--删除评论-->
    <update id="delComment" parameterType="com.sungolden.wxapp.dto.InvitationComment">
        update invitation_comment
        set
        is_delete = 1
        where uid = #{uid,jdbcType=VARCHAR}
    </update>
    <update id="updateByPrimaryKey" parameterType="com.sungolden.wxapp.dto.InvitationComment">
        update invitation_comment
        set user_id = #{userId,jdbcType=INTEGER},
        invitation_id = #{invitationId,jdbcType=VARCHAR},
        dest_id = #{destId,jdbcType=INTEGER},
        content = #{content,jdbcType=VARCHAR},
        updatetime = #{updatetime,jdbcType=TIMESTAMP},
        is_delete = #{isDelete,jdbcType=BIT}
        where uid = #{uid,jdbcType=VARCHAR}
    </update>
</mapper>