<?xml version="1.0" encoding="UTF-8" ?>
<!DOCTYPE mapper PUBLIC "-//mybatis.org//DTD Mapper 3.0//EN" "http://mybatis.org/dtd/mybatis-3-mapper.dtd" >
<mapper namespace="com.sungolden.wxapp.dao.InvitationMapper">

    <resultMap id="BaseResultMap" type="com.sungolden.wxapp.dto.Invitation">
        <id column="uid" property="uid" jdbcType="VARCHAR"/>
        <result column="user_id" property="userId" jdbcType="INTEGER"/>
        <result column="type" property="type" jdbcType="INTEGER"/>
        <result column="updatetime" property="updatetime" jdbcType="TIMESTAMP"/>
        <result column="content" property="content" jdbcType="VARCHAR"/>
        <result column="picture" property="picture" jdbcType="VARCHAR"/>
        <result column="address" property="address" jdbcType="VARCHAR"/>
        <result column="location" property="location" jdbcType="BINARY"/>
        <result column="is_delete" property="isDelete" jdbcType="BIT"/>
        <result column="wx_nickname" property="wxNickName" jdbcType="VARCHAR"/>
        <result column="wx_ico" property="wxIco" jdbcType="VARCHAR"/>
        <result column="ico" property="Ico" jdbcType="VARCHAR"/>
    </resultMap>

    <sql id="Base_Column_List">
        uid, user_id, type, updatetime, content, picture, address, location, is_delete
    </sql>
    <!--getYear-->
    <select id="getYear" resultType="com.sungolden.wxapp.dto.GetYear" parameterType="java.lang.Integer">
        SELECT DISTINCT(YEAR(inv.updatetime)) years
        FROM invitation inv LEFT JOIN `user` u ON u.id = inv.user_id
        WHERE inv.type !=0 AND inv.is_delete = 0 AND inv.user_id= #{userId,jdbcType=VARCHAR} ORDER BY inv.updatetime
        desc
    </select>
    <!--普通帖子-->
    <select id="getInvitation" resultMap="BaseResultMap" parameterType="java.lang.String">
        SELECT
        DISTINCT(inv.uid),inv.user_id,inv.type,inv.updatetime,inv.content,inv.picture,inv.address,inv.location,inv.is_delete,
        u.ico,u.wx_nickname,u.role
        FROM invitation inv LEFT JOIN `user` u ON u.id = inv.user_id left join favorite f on f.user_id= u.id
        WHERE inv.type !=0 AND inv.is_delete = 0 ORDER BY inv.updatetime DESC
    </select>
    <!--专家帖子-->
    <select id="getExpert" resultMap="BaseResultMap" parameterType="java.lang.String">
        SELECT
        DISTINCT(inv.uid),inv.user_id,inv.type,inv.updatetime,inv.content,inv.picture,inv.address,inv.location,inv.is_delete,
        u.ico,u.wx_nickname,u.role
        FROM invitation inv LEFT JOIN `user` u ON u.id = inv.user_id left join favorite f on f.user_id= u.id
        WHERE inv.type =0 AND inv.is_delete = 0 ORDER BY inv.updatetime DESC
    </select>
    <!--根据帖子编号获取帖子内容-->
    <select id="getByUid" resultMap="BaseResultMap" parameterType="java.lang.String">
        SELECT
        inv.uid,inv.user_id,inv.type,inv.updatetime,inv.content,inv.picture,inv.address,inv.location,inv.is_delete,
        u.ico,u.wx_nickname
        FROM invitation inv LEFT JOIN `user` u ON u.id = inv.user_id
        WHERE inv.uid = #{uid,jdbcType=VARCHAR} and is_delete=0
    </select>
    <!--我发布的帖子-->
    <select id="myInvitation" resultMap="BaseResultMap" parameterType="java.util.Map">
        SELECT
        inv.uid,inv.user_id,inv.type,inv.updatetime,inv.content,inv.picture,inv.address,inv.location,inv.is_delete,
        u.wx_ico,u.wx_nickname
        FROM invitation inv LEFT JOIN `user` u ON u.id = inv.user_id
        WHERE inv.user_id = #{userId} AND date_format(inv.updatetime,'%Y') = #{year} and inv.is_delete =0 order by
        inv.updatetime desc
    </select>

    <delete id="deleteByPrimaryKey" parameterType="java.lang.String">
        delete from invitation
        where uid = #{uid,jdbcType=VARCHAR}
    </delete>
    <!--发帖子-->
    <insert id="sendInvitation" parameterType="com.sungolden.wxapp.dto.Invitation">
        insert into invitation (uid, user_id, type,
        updatetime, content, picture,
        address, location, is_delete
        )
        values (REPLACE(UUID(), '-', ''), #{userId,jdbcType=INTEGER}, #{type,jdbcType=INTEGER},
        #{updatetime,jdbcType=TIMESTAMP}, #{content,jdbcType=VARCHAR}, #{picture,jdbcType=VARCHAR},
        #{address,jdbcType=VARCHAR}, #{location,jdbcType=BINARY}, #{isDelete,jdbcType=BIT}
        )
    </insert>
    <insert id="insert" parameterType="com.sungolden.wxapp.dto.Invitation">
        insert into invitation (uid, user_id, type,
        updatetime, content, picture,
        address, location, is_delete
        )
        values (#{uid,jdbcType=VARCHAR}, #{userId,jdbcType=INTEGER}, #{type,jdbcType=INTEGER},
        #{updatetime,jdbcType=TIMESTAMP}, #{content,jdbcType=VARCHAR}, #{picture,jdbcType=VARCHAR},
        #{address,jdbcType=VARCHAR}, #{location,jdbcType=BINARY}, #{isDelete,jdbcType=BIT}
        )
    </insert>

    <insert id="insertSelective" parameterType="com.sungolden.wxapp.dto.Invitation">
        insert into invitation
        <trim prefix="(" suffix=")" suffixOverrides=",">
            <if test="uid != null">
                uid,
            </if>
            <if test="userId != null">
                user_id,
            </if>
            <if test="type != null">
                type,
            </if>
            <if test="updatetime != null">
                updatetime,
            </if>
            <if test="content != null">
                content,
            </if>
            <if test="picture != null">
                picture,
            </if>
            <if test="address != null">
                address,
            </if>
            <if test="location != null">
                location,
            </if>
            <if test="isDelete != null">
                is_delete,
            </if>
        </trim>
        <trim prefix="values (" suffix=")" suffixOverrides=",">
            <if test="uid != null">
                #{uid,jdbcType=VARCHAR},
            </if>
            <if test="userId != null">
                #{userId,jdbcType=INTEGER},
            </if>
            <if test="type != null">
                #{type,jdbcType=INTEGER},
            </if>
            <if test="updatetime != null">
                #{updatetime,jdbcType=TIMESTAMP},
            </if>
            <if test="content != null">
                #{content,jdbcType=VARCHAR},
            </if>
            <if test="picture != null">
                #{picture,jdbcType=VARCHAR},
            </if>
            <if test="address != null">
                #{address,jdbcType=VARCHAR},
            </if>
            <if test="location != null">
                #{location,jdbcType=BINARY},
            </if>
            <if test="isDelete != null">
                #{isDelete,jdbcType=BIT},
            </if>
        </trim>
    </insert>

    <update id="updateByPrimaryKeySelective" parameterType="com.sungolden.wxapp.dto.Invitation">
        update invitation
        <set>
            <if test="userId != null">
                user_id = #{userId,jdbcType=INTEGER},
            </if>
            <if test="type != null">
                type = #{type,jdbcType=INTEGER},
            </if>
            <if test="updatetime != null">
                updatetime = #{updatetime,jdbcType=TIMESTAMP},
            </if>
            <if test="content != null">
                content = #{content,jdbcType=VARCHAR},
            </if>
            <if test="picture != null">
                picture = #{picture,jdbcType=VARCHAR},
            </if>
            <if test="address != null">
                address = #{address,jdbcType=VARCHAR},
            </if>
            <if test="location != null">
                location = #{location,jdbcType=BINARY},
            </if>
            <if test="isDelete != null">
                is_delete = #{isDelete,jdbcType=BIT},
            </if>
        </set>
        where uid = #{uid,jdbcType=VARCHAR}
    </update>
    <!--删除帖子-->
    <update id="delInvitation" parameterType="com.sungolden.wxapp.dto.Invitation">
        update invitation
        set
        is_delete = 1
        where uid = #{uid,jdbcType=VARCHAR}
    </update>
    <update id="updateByPrimaryKey" parameterType="com.sungolden.wxapp.dto.Invitation">
        update invitation
        set user_id = #{userId,jdbcType=INTEGER},
        type = #{type,jdbcType=INTEGER},
        updatetime = #{updatetime,jdbcType=TIMESTAMP},
        content = #{content,jdbcType=VARCHAR},
        picture = #{picture,jdbcType=VARCHAR},
        address = #{address,jdbcType=VARCHAR},
        location = #{location,jdbcType=BINARY},
        is_delete = #{isDelete,jdbcType=BIT}
        where uid = #{uid,jdbcType=VARCHAR}
    </update>
</mapper>