<?xml version="1.0" encoding="UTF-8" ?>
<!DOCTYPE mapper PUBLIC "-//mybatis.org//DTD Mapper 3.0//EN" "http://mybatis.org/dtd/mybatis-3-mapper.dtd" >
<mapper namespace="com.sungolden.wxapp.dao.MapBaseMapper">

    <resultMap id="BaseResultMap" type="com.sungolden.wxapp.dto.MapBase">
        <id column="uid" property="uid" jdbcType="VARCHAR"/>
        <result column="name" property="name" jdbcType="VARCHAR"/>
        <result column="type" property="type" jdbcType="VARCHAR"/>
        <result column="url" property="url" jdbcType="VARCHAR"/>
        <result column="thumb" property="thumb" jdbcType="VARCHAR"/>
        <result column="order" property="order" jdbcType="INTEGER"/>
    </resultMap>

    <sql id="Base_Column_List">
        uid, `name`, `type`, url, thumb, `order`
    </sql>

    <select id="selectByPrimaryKey" resultMap="BaseResultMap" parameterType="java.lang.String">
        select
        <include refid="Base_Column_List"/>
        from map_base
        where uid = #{uid,jdbcType=VARCHAR}
    </select>
    <!--所有底图-->
    <select id="maps" resultMap="BaseResultMap">
        select
        <include refid="Base_Column_List"/>
        from map_base order by `order`
    </select>
    <!--默认显示的底图-->
    <select id="mapBaseDefault" resultMap="BaseResultMap">
        select
        <include refid="Base_Column_List"/>
        from map_base WHERE `order` = (SELECT MAX(`order`) FROM map_base)
    </select>
    <!--切换底图-->
    <select id="nextMap" resultMap="BaseResultMap" parameterType="java.lang.Integer">
        select
        <include refid="Base_Column_List"/>
        from map_base WHERE `order` = #{order,jdbcType=INTEGER}
    </select>
    <!--删除、批量删除-->
    <delete id="deleteByPrimaryKey" parameterType="java.lang.String">
        delete from map_base where uid in
        <foreach collection="array" item="l" open="(" separator="," close=")">
            #{l}
        </foreach>
    </delete>

    <!--发布底图服务-->
    <insert id="postData" parameterType="com.sungolden.wxapp.dto.MapBase">
        insert into map_base (uid, `name`, `type`,
        url, thumb, `order`
        )
        values (REPLACE(UUID(), ''-'', ''), #{name,jdbcType=VARCHAR}, #{type,jdbcType=VARCHAR},
        #{url,jdbcType=VARCHAR}, #{thumb,jdbcType=VARCHAR}, #{order,jdbcType=INTEGER}
        )
    </insert>
    <insert id="insert" parameterType="com.sungolden.wxapp.dto.MapBase">
        insert into map_base (uid, `name`, `type`,
        url, thumb, `order`
        )
        values (#{uid,jdbcType=VARCHAR}, #{name,jdbcType=VARCHAR}, #{type,jdbcType=VARCHAR},
        #{url,jdbcType=VARCHAR}, #{thumb,jdbcType=VARCHAR}, #{order,jdbcType=INTEGER}
        )
    </insert>

    <insert id="insertSelective" parameterType="com.sungolden.wxapp.dto.MapBase">
        insert into map_base
        <trim prefix="(" suffix=")" suffixOverrides=",">
            <if test="uid != null">
                uid,
            </if>
            <if test="name != null">
                name,
            </if>
            <if test="type != null">
                type,
            </if>
            <if test="url != null">
                url,
            </if>
            <if test="thumb != null">
                thumb,
            </if>
            <if test="order != null">
                order,
            </if>
        </trim>
        <trim prefix="values (" suffix=")" suffixOverrides=",">
            <if test="uid != null">
                #{uid,jdbcType=VARCHAR},
            </if>
            <if test="name != null">
                #{name,jdbcType=VARCHAR},
            </if>
            <if test="type != null">
                #{type,jdbcType=VARCHAR},
            </if>
            <if test="url != null">
                #{url,jdbcType=VARCHAR},
            </if>
            <if test="thumb != null">
                #{thumb,jdbcType=VARCHAR},
            </if>
            <if test="order != null">
                #{order,jdbcType=INTEGER},
            </if>
        </trim>
    </insert>

    <update id="updateByPrimaryKeySelective" parameterType="com.sungolden.wxapp.dto.MapBase">
        update map_base
        <set>
            <if test="name != null">
                name = #{name,jdbcType=VARCHAR},
            </if>
            <if test="type != null">
                type = #{type,jdbcType=VARCHAR},
            </if>
            <if test="url != null">
                url = #{url,jdbcType=VARCHAR},
            </if>
            <if test="thumb != null">
                thumb = #{thumb,jdbcType=VARCHAR},
            </if>
            <if test="order != null">
                order = #{order,jdbcType=INTEGER},
            </if>
        </set>
        where uid = #{uid,jdbcType=VARCHAR}
    </update>

    <update id="updateByPrimaryKey" parameterType="com.sungolden.wxapp.dto.MapBase">
        update map_base
        set name = #{name,jdbcType=VARCHAR},
        type = #{type,jdbcType=VARCHAR},
        url = #{url,jdbcType=VARCHAR},
        thumb = #{thumb,jdbcType=VARCHAR},
        order = #{order,jdbcType=INTEGER}
        where uid = #{uid,jdbcType=VARCHAR}
    </update>
</mapper>