<?xml version="1.0" encoding="UTF-8" ?>
<!DOCTYPE mapper PUBLIC "-//mybatis.org//DTD Mapper 3.0//EN" "http://mybatis.org/dtd/mybatis-3-mapper.dtd" >
<mapper namespace="com.sungolden.wxapp.dao.MapThemeMapper">

    <resultMap id="BaseResultMap" type="com.sungolden.wxapp.dto.MapTheme">
        <id column="uid" property="uid" jdbcType="VARCHAR"/>
        <result column="name" property="name" jdbcType="VARCHAR"/>
        <result column="type" property="type" jdbcType="VARCHAR"/>
        <result column="layer" property="layer" jdbcType="VARCHAR"/>
        <result column="thumb" property="thumb" jdbcType="VARCHAR"/>
        <result column="growth" property="growth" jdbcType="FLOAT"/>
        <result column="soil" property="soil" jdbcType="FLOAT"/>
        <result column="yield" property="yield" jdbcType="FLOAT"/>
        <result column="updatetime" property="updatetime" jdbcType="TIMESTAMP"/>
        <result column="c_id" property="cId" jdbcType="VARCHAR"/>
        <result column="cname" property="cname" jdbcType="VARCHAR"/>
    </resultMap>

    <sql id="Base_Column_List">
        uid, name, type, layer, thumb, updatetime,c_id,cname,growth,soil,yield
    </sql>
    <!--专题地图默认最新-->
    <select id="getThemeByType" resultMap="BaseResultMap" parameterType="java.lang.String">
        select
       t.type, t.layer, t.thumb, t.updatetime,t.c_id,t.name,cr.cname,t.growth
        from map_theme t left join crop cr on t.c_id=cr.cid
        where t.name = #{name,jdbcType=VARCHAR}
        <if test="date != null and date != ''" >
            AND t.updatetime = #{date,jdbcType=TIMESTAMP}
        </if>
        ORDER BY  t.updatetime
    </select>
    <!--专题地图默认最新-->
    <select id="themeList" resultMap="BaseResultMap">
        select
        t.uid, t.name, t.type, t.layer, t.thumb, t.updatetime,t.c_id,t.name,cr.cname
        from map_theme t left join crop cr on t.c_id=cr.cid ORDER BY t.updatetime desc
    </select>
    <!--专题地图默认最新-->
    <select id="mapBaseDefault" resultMap="BaseResultMap">
        select
        <include refid="Base_Column_List"/>
        from map_theme
        where c_id= #{cid,jdbcType=VARCHAR} and updatetime = (SELECT MAX(updatetime) FROM map_theme)
    </select>

    <select id="selectByPrimaryKey" resultMap="BaseResultMap" parameterType="java.lang.String">
        select
        <include refid="Base_Column_List"/>
        from map_theme
        where uid = #{uid,jdbcType=VARCHAR}
    </select>
    <!--删除数据-->
    <delete id="deleteByPrimaryKey" parameterType="java.lang.String">
        delete from map_theme
        where uid in
        <foreach collection="array" item="l" open="(" separator="," close=")">
            #{l}
        </foreach>
    </delete>
    <!--发布数据-->
    <insert id="postData" parameterType="com.sungolden.wxapp.dto.MapTheme">
        insert into map_theme (uid, `name`, `type`,
        layer, thumb, updatetime,c_id,growth,soil,yield
        )
        values (REPLACE(UUID(), '-',''), #{name,jdbcType=VARCHAR}, #{type,jdbcType=VARCHAR},
        #{layer,jdbcType=VARCHAR}, #{thumb,jdbcType=VARCHAR}, #{updatetime,jdbcType=TIMESTAMP},
        #{cId,jdbcType=VARCHAR}, #{growth,jdbcType=FLOAT}, #{soil,jdbcType=FLOAT}, #{yield,jdbcType=FLOAT}
        )
    </insert>
    <insert id="insert" parameterType="com.sungolden.wxapp.dto.MapTheme">
        insert into map_theme (uid, name, type,
        layer, thumb, updatetime
        )
        values (#{uid,jdbcType=VARCHAR}, #{name,jdbcType=VARCHAR}, #{type,jdbcType=VARCHAR},
        #{layer,jdbcType=VARCHAR}, #{thumb,jdbcType=VARCHAR}, #{updatetime,jdbcType=TIMESTAMP}
        )
    </insert>

    <insert id="insertSelective" parameterType="com.sungolden.wxapp.dto.MapTheme">
        insert into map_theme
        <trim prefix="(" suffix=")" suffixOverrides=",">
            <if test="uid != null">
                uid,
            </if>
            <if test="name != null">
                name,
            </if>
            <if test="type != null">
                type,
            </if>
            <if test="layer != null">
                layer,
            </if>
            <if test="thumb != null">
                thumb,
            </if>
            <if test="updatetime != null">
                updatetime,
            </if>
        </trim>
        <trim prefix="values (" suffix=")" suffixOverrides=",">
            <if test="uid != null">
                #{uid,jdbcType=VARCHAR},
            </if>
            <if test="name != null">
                #{name,jdbcType=VARCHAR},
            </if>
            <if test="type != null">
                #{type,jdbcType=VARCHAR},
            </if>
            <if test="layer != null">
                #{layer,jdbcType=VARCHAR},
            </if>
            <if test="thumb != null">
                #{thumb,jdbcType=VARCHAR},
            </if>
            <if test="updatetime != null">
                #{updatetime,jdbcType=TIMESTAMP},
            </if>
        </trim>
    </insert>

    <update id="updateByPrimaryKeySelective" parameterType="com.sungolden.wxapp.dto.MapTheme">
        update map_theme
        <set>
            <if test="name != null">
                name = #{name,jdbcType=VARCHAR},
            </if>
            <if test="type != null">
                type = #{type,jdbcType=VARCHAR},
            </if>
            <if test="layer != null">
                layer = #{layer,jdbcType=VARCHAR},
            </if>
            <if test="thumb != null">
                thumb = #{thumb,jdbcType=VARCHAR},
            </if>
            <if test="updatetime != null">
                updatetime = #{updatetime,jdbcType=TIMESTAMP},
            </if>
            <if test="growth != null">
                updatetime = #{growth,jdbcType=FLOAT},
            </if>
            <if test="soil != null">
                updatetime = #{soil,jdbcType=FLOAT},
            </if>
            <if test="yield != null">
                updatetime = #{yield,jdbcType=FLOAT},
            </if>
        </set>
        where uid = #{uid,jdbcType=VARCHAR}
    </update>

    <update id="updateByPrimaryKey" parameterType="com.sungolden.wxapp.dto.MapTheme">
        update map_theme
        set name = #{name,jdbcType=VARCHAR},
        type = #{type,jdbcType=VARCHAR},
        layer = #{layer,jdbcType=VARCHAR},
        thumb = #{thumb,jdbcType=VARCHAR},
        updatetime = #{updatetime,jdbcType=TIMESTAMP}
        where uid = #{uid,jdbcType=VARCHAR}
    </update>
</mapper>