<?xml version="1.0" encoding="UTF-8" ?>
<!DOCTYPE mapper PUBLIC "-//mybatis.org//DTD Mapper 3.0//EN" "http://mybatis.org/dtd/mybatis-3-mapper.dtd" >
<mapper namespace="com.sungolden.wxapp.dao.PhenologicalMapper">

    <resultMap id="BaseResultMap" type="com.sungolden.wxapp.dto.Phenological">
        <id column="uid" property="uid" jdbcType="VARCHAR"/>
        <result column="crop" property="crop" jdbcType="VARCHAR"/>
        <result column="pname" property="pname" jdbcType="VARCHAR"/>
        <result column="start" property="start" jdbcType="TIMESTAMP"/>
        <result column="end" property="end" jdbcType="TIMESTAMP"/>
        <result column="thumbnail" property="thumbnail" jdbcType="VARCHAR"/>
        <result column="summary" property="summary" jdbcType="VARCHAR"/>
    </resultMap>

    <sql id="Base_Column_List">
        uid, crop, pname, start, end, thumbnail, summary
    </sql>
    <!--envent list-->
    <select id="enventList" resultType="com.sungolden.wxapp.dto.EventType">
        SELECT et.uid,et.`name`,et.pid,ph.pname,cr.cname FROM event_type et
        LEFT JOIN phenological ph ON ph.uid=et.pid
        LEFT JOIN crop cr ON cr.cid=ph.crop GROUP BY et.uid
    </select>
    <!--物候期列表-->
    <select id="list" resultType="com.sungolden.wxapp.dto.Phenological">
        SELECT p.uid,p.crop,p.pname,p.`start`,.p.`end`,p.thumbnail,p.summary,c.cname
        FROM phenological p LEFT JOIN crop c ON p.crop = c.cid
        ORDER BY p.`start`
    </select>
    <!--根据作物类型获取该作物物候期信息-->
    <select id="getAll" resultMap="BaseResultMap" parameterType="java.lang.String">
        SELECT p.uid,p.crop,p.pname,p.`start`,.p.`end`,p.thumbnail,p.summary,c.cname
        FROM phenological p LEFT JOIN crop c ON p.crop = c.cid
        WHERE c.cid = #{uid,jdbcType=VARCHAR} ORDER BY p.`start`
    </select>
    <!--根据物候期编号获取物候期信息-->
    <select id="getByUid" resultMap="BaseResultMap" parameterType="java.lang.String">
        SELECT p.uid,p.crop,p.pname,p.`start`,.p.`end`,p.thumbnail,p.summary
        FROM phenological p WHERE p.uid = #{uid,jdbcType=VARCHAR}
    </select>

    <delete id="delete" parameterType="java.lang.String">
        delete from phenological
        where uid in
        <foreach collection="array" item="l" open="(" separator="," close=")">
            #{l}
        </foreach>
    </delete>
    <delete id="deleteByPrimaryKey" parameterType="java.lang.String">
        delete from phenological
        where uid = #{uid,jdbcType=VARCHAR}
    </delete>

    <insert id="insert" parameterType="com.sungolden.wxapp.dto.Phenological" useGeneratedKeys="true" keyProperty="uid">
        <selectKey resultType="java.lang.String" order="BEFORE" keyProperty="uid">
            SELECT REPLACE(UUID(),'-','')
        </selectKey>
        insert into phenological (uid, crop, pname,
        start, end, thumbnail,
        summary)
        values (#{uid,jdbcType=VARCHAR}, #{crop,jdbcType=VARCHAR}, #{pname,jdbcType=VARCHAR},
        #{start,jdbcType=TIMESTAMP}, #{end,jdbcType=TIMESTAMP}, #{thumbnail,jdbcType=VARCHAR},
        #{summary,jdbcType=VARCHAR})
    </insert>

    <insert id="insertSelective" parameterType="com.sungolden.wxapp.dto.Phenological">
        insert into phenological
        <trim prefix="(" suffix=")" suffixOverrides=",">
            <if test="uid != null">
                uid,
            </if>
            <if test="crop != null">
                crop,
            </if>
            <if test="pname != null">
                pname,
            </if>
            <if test="start != null">
                start,
            </if>
            <if test="end != null">
                end,
            </if>
            <if test="thumbnail != null">
                thumbnail,
            </if>
            <if test="summary != null">
                summary,
            </if>
        </trim>
        <trim prefix="values (" suffix=")" suffixOverrides=",">
            <if test="uid != null">
                #{uid,jdbcType=VARCHAR},
            </if>
            <if test="crop != null">
                #{crop,jdbcType=VARCHAR},
            </if>
            <if test="pname != null">
                #{pname,jdbcType=VARCHAR},
            </if>
            <if test="start != null">
                #{start,jdbcType=TIMESTAMP},
            </if>
            <if test="end != null">
                #{end,jdbcType=TIMESTAMP},
            </if>
            <if test="thumbnail != null">
                #{thumbnail,jdbcType=VARCHAR},
            </if>
            <if test="summary != null">
                #{summary,jdbcType=VARCHAR},
            </if>
        </trim>
    </insert>

    <update id="updateByPrimaryKeySelective" parameterType="com.sungolden.wxapp.dto.Phenological">
        update phenological
        <set>
            <if test="crop != null">
                crop = #{crop,jdbcType=VARCHAR},
            </if>
            <if test="pname != null">
                pname = #{pname,jdbcType=VARCHAR},
            </if>
            <if test="start != null">
                start = #{start,jdbcType=TIMESTAMP},
            </if>
            <if test="end != null">
                end = #{end,jdbcType=TIMESTAMP},
            </if>
            <if test="thumbnail != null">
                thumbnail = #{thumbnail,jdbcType=VARCHAR},
            </if>
            <if test="summary != null">
                summary = #{summary,jdbcType=VARCHAR},
            </if>
        </set>
        where uid = #{uid,jdbcType=VARCHAR}
    </update>

    <update id="updateByPrimaryKey" parameterType="com.sungolden.wxapp.dto.Phenological">
        update phenological
        set crop = #{crop,jdbcType=VARCHAR},
        pname = #{pname,jdbcType=VARCHAR},
        start = #{start,jdbcType=TIMESTAMP},
        end = #{end,jdbcType=TIMESTAMP},
        thumbnail = #{thumbnail,jdbcType=VARCHAR},
        summary = #{summary,jdbcType=VARCHAR}
        where uid = #{uid,jdbcType=VARCHAR}
    </update>
</mapper>