<?xml version="1.0" encoding="UTF-8" ?>
<!DOCTYPE mapper PUBLIC "-//mybatis.org//DTD Mapper 3.0//EN" "http://mybatis.org/dtd/mybatis-3-mapper.dtd" >
<mapper namespace="com.sungolden.wxapp.dao.RoleMapper">

    <resultMap id="BaseResultMap" type="com.sungolden.wxapp.dto.Role">
        <id column="id" property="id" jdbcType="INTEGER"/>
        <result column="rid" property="rid" jdbcType="INTEGER"/>
        <result column="rname" property="rname" jdbcType="VARCHAR"/>
    </resultMap>

    <sql id="Base_Column_List">
        id, rid, rname
    </sql>

    <select id="selectByPrimaryKey" resultMap="BaseResultMap" parameterType="java.lang.Integer">
        select
        <include refid="Base_Column_List"/>
        from role
        where id = #{id,jdbcType=INTEGER}
    </select>

    <delete id="deleteByPrimaryKey" parameterType="java.lang.Integer">
        delete from role
        where id = #{id,jdbcType=INTEGER}
    </delete>

    <insert id="insert" parameterType="com.sungolden.wxapp.dto.Role">
        insert into role (id, rid, rname
        )
        values (#{id,jdbcType=INTEGER}, #{rid,jdbcType=INTEGER}, #{rname,jdbcType=VARCHAR}
        )
    </insert>

    <insert id="insertSelective" parameterType="com.sungolden.wxapp.dto.Role">
        insert into role
        <trim prefix="(" suffix=")" suffixOverrides=",">
            <if test="id != null">
                id,
            </if>
            <if test="rid != null">
                rid,
            </if>
            <if test="rname != null">
                rname,
            </if>
        </trim>
        <trim prefix="values (" suffix=")" suffixOverrides=",">
            <if test="id != null">
                #{id,jdbcType=INTEGER},
            </if>
            <if test="rid != null">
                #{rid,jdbcType=INTEGER},
            </if>
            <if test="rname != null">
                #{rname,jdbcType=VARCHAR},
            </if>
        </trim>
    </insert>

    <update id="updateByPrimaryKeySelective" parameterType="com.sungolden.wxapp.dto.Role">
        update role
        <set>
            <if test="rid != null">
                rid = #{rid,jdbcType=INTEGER},
            </if>
            <if test="rname != null">
                rname = #{rname,jdbcType=VARCHAR},
            </if>
        </set>
        where id = #{id,jdbcType=INTEGER}
    </update>

    <update id="updateByPrimaryKey" parameterType="com.sungolden.wxapp.dto.Role">
        update role
        set rid = #{rid,jdbcType=INTEGER},
        rname = #{rname,jdbcType=VARCHAR}
        where id = #{id,jdbcType=INTEGER}
    </update>
</mapper>