<?xml version="1.0" encoding="UTF-8" ?>
<!DOCTYPE mapper PUBLIC "-//mybatis.org//DTD Mapper 3.0//EN" "http://mybatis.org/dtd/mybatis-3-mapper.dtd" >
<mapper namespace="com.sungolden.wxapp.dao.TownshipMapper">

    <resultMap id="BaseResultMap" type="com.sungolden.wxapp.dto.Township">
        <id column="code" property="code" jdbcType="VARCHAR"/>
        <result column="name" property="name" jdbcType="VARCHAR"/>
        <result column="pid" property="pid" jdbcType="VARCHAR"/>
    </resultMap>

    <sql id="Base_Column_List">
        code, name, pid
    </sql>

    <select id="getCity" resultMap="BaseResultMap" parameterType="java.lang.String">
        select
        <include refid="Base_Column_List"/>
        from township
        where pid IS NULL;
    </select>
    <select id="getCountry" resultMap="BaseResultMap" parameterType="java.lang.String">
        select
        <include refid="Base_Column_List"/>
        from township
        where pid = #{code,jdbcType=VARCHAR}
    </select>

    <delete id="deleteByPrimaryKey" parameterType="java.lang.String">
        delete from township
        where code = #{code,jdbcType=VARCHAR}
    </delete>

    <insert id="insert" parameterType="com.sungolden.wxapp.dto.Township">
        insert into township (code, name, pid
        )
        values (#{code,jdbcType=VARCHAR}, #{name,jdbcType=VARCHAR}, #{pid,jdbcType=VARCHAR}
        )
    </insert>

    <insert id="insertSelective" parameterType="com.sungolden.wxapp.dto.Township">
        insert into township
        <trim prefix="(" suffix=")" suffixOverrides=",">
            <if test="code != null">
                code,
            </if>
            <if test="name != null">
                name,
            </if>
            <if test="pid != null">
                pid,
            </if>
        </trim>
        <trim prefix="values (" suffix=")" suffixOverrides=",">
            <if test="code != null">
                #{code,jdbcType=VARCHAR},
            </if>
            <if test="name != null">
                #{name,jdbcType=VARCHAR},
            </if>
            <if test="pid != null">
                #{pid,jdbcType=VARCHAR},
            </if>
        </trim>
    </insert>

    <update id="updateByPrimaryKeySelective" parameterType="com.sungolden.wxapp.dto.Township">
        update township
        <set>
            <if test="name != null">
                name = #{name,jdbcType=VARCHAR},
            </if>
            <if test="pid != null">
                pid = #{pid,jdbcType=VARCHAR},
            </if>
        </set>
        where code = #{code,jdbcType=VARCHAR}
    </update>

    <update id="updateByPrimaryKey" parameterType="com.sungolden.wxapp.dto.Township">
        update township
        set name = #{name,jdbcType=VARCHAR},
        pid = #{pid,jdbcType=VARCHAR}
        where code = #{code,jdbcType=VARCHAR}
    </update>
</mapper>