<?xml version="1.0" encoding="UTF-8" ?>
<!DOCTYPE mapper PUBLIC "-//mybatis.org//DTD Mapper 3.0//EN" "http://mybatis.org/dtd/mybatis-3-mapper.dtd" >
<mapper namespace="com.sungolden.wxapp.dao.UserMapper">

    <resultMap id="BaseResultMap" type="com.sungolden.wxapp.dto.User">
        <id column="id" property="id" jdbcType="INTEGER"/>
        <result column="phone" property="phone" jdbcType="CHAR"/>
        <result column="name" property="name" jdbcType="VARCHAR"/>
        <result column="sex" property="sex" jdbcType="INTEGER"/>
        <result column="password" property="password" jdbcType="VARCHAR"/>
        <result column="role" property="role" jdbcType="INTEGER"/>
        <result column="ico" property="ico" jdbcType="VARCHAR"/>
        <result column="wx_uid" property="wxUid" jdbcType="VARCHAR"/>
        <result column="wx_ico" property="wxIco" jdbcType="VARCHAR"/>
        <result column="wx_nickname" property="wxNickname" jdbcType="VARCHAR"/>
        <result column="wx_address" property="wxAddress" jdbcType="VARCHAR"/>
        <result column="open_id" property="message" jdbcType="VARCHAR"/>
    </resultMap>

    <sql id="Base_Column_List">
        id, phone, name, sex, password, role, ico, wx_uid, wx_ico, wx_nickname, wx_address,open_id
    </sql>
    <!--查找用户-->
    <select id="findAccount" resultMap="BaseResultMap" parameterType="java.lang.String">
        select
        <include refid="Base_Column_List"/>
        from user
        where wx_uid = #{accountString,jdbcType=VARCHAR}
    </select>
    <!--查找用户-->
    <select id="findByOpenId" resultMap="BaseResultMap" parameterType="java.lang.String">
        select
        <include refid="Base_Column_List"/>
        from user
        where open_id = #{message,jdbcType=VARCHAR}
    </select>
    <!--用户信息-->
    <select id="getById" resultMap="BaseResultMap" parameterType="java.lang.Integer">
        select
        <include refid="Base_Column_List"/>
        from user
        where id = #{id,jdbcType=INTEGER}
    </select>
    <!--用户列表-->
    <select id="users" resultMap="BaseResultMap" parameterType="java.lang.Integer">
        SELECT u.id,u.phone,u.name,u.sex,u.password,u.role,u.ico,u.wx_uid,u.wx_nickname,u.wx_address,u.open_id,r.rname
        FROM `user` u LEFT JOIN role r ON r.rid = u.role
    </select>
    <!--删除、多删除-->
    <delete id="deleteByPrimaryKey" parameterType="java.lang.Integer">
        delete from user
        where id in
        <foreach collection="array" item="l" open="(" separator="," close=")">
            #{l}
        </foreach>
    </delete>

    <insert id="insert" parameterType="com.sungolden.wxapp.dto.User">
        insert into user (id, phone, name,
        sex, password, role, ico,
        wx_uid, wx_ico, wx_nickname,
        wx_address,open_id)
        values (#{id,jdbcType=INTEGER}, #{phone,jdbcType=CHAR}, #{name,jdbcType=VARCHAR},
        #{sex,jdbcType=INTEGER}, #{password,jdbcType=VARCHAR}, 2, #{ico,jdbcType=VARCHAR},
        #{wxUid,jdbcType=VARCHAR}, #{wxIco,jdbcType=VARCHAR}, #{wxNickname,jdbcType=VARCHAR},
        #{wxAddress,jdbcType=VARCHAR},#{message,jdbcType=VARCHAR})
    </insert>

    <insert id="insertSelective" parameterType="com.sungolden.wxapp.dto.User">
        insert into user
        <trim prefix="(" suffix=")" suffixOverrides=",">
            <if test="id != null">
                id,
            </if>
            <if test="phone != null">
                phone,
            </if>
            <if test="name != null">
                name,
            </if>
            <if test="sex != null">
                sex,
            </if>
            <if test="password != null">
                password,
            </if>
            <if test="role != null">
                role,
            </if>
            <if test="ico != null">
                ico,
            </if>
            <if test="wxUid != null">
                wx_uid,
            </if>
            <if test="wxIco != null">
                wx_ico,
            </if>
            <if test="wxNickname != null">
                wx_nickname,
            </if>
            <if test="wxAddress != null">
                wx_address,
            </if>
        </trim>
        <trim prefix="values (" suffix=")" suffixOverrides=",">
            <if test="id != null">
                #{id,jdbcType=INTEGER},
            </if>
            <if test="phone != null">
                #{phone,jdbcType=CHAR},
            </if>
            <if test="name != null">
                #{name,jdbcType=VARCHAR},
            </if>
            <if test="sex != null">
                #{sex,jdbcType=INTEGER},
            </if>
            <if test="password != null">
                #{password,jdbcType=VARCHAR},
            </if>
            <if test="role != null">
                #{role,jdbcType=INTEGER},
            </if>
            <if test="ico != null">
                #{ico,jdbcType=VARCHAR},
            </if>
            <if test="wxUid != null">
                #{wxUid,jdbcType=VARCHAR},
            </if>
            <if test="wxIco != null">
                #{wxIco,jdbcType=VARCHAR},
            </if>
            <if test="wxNickname != null">
                #{wxNickname,jdbcType=VARCHAR},
            </if>
            <if test="wxAddress != null">
                #{wxAddress,jdbcType=VARCHAR},
            </if>
        </trim>
    </insert>

    <update id="updateInfo" parameterType="com.sungolden.wxapp.dto.User">
        update user
        <set>
            <if test="phone != null">
                phone = #{phone,jdbcType=CHAR},
            </if>
            <if test="name != null">
                name = #{name,jdbcType=VARCHAR},
            </if>
            <if test="sex != null">
                sex = #{sex,jdbcType=INTEGER},
            </if>
            <if test="password != null">
                password = #{password,jdbcType=VARCHAR},
            </if>
            <if test="role != null">
                role = #{role,jdbcType=INTEGER},
            </if>
            <if test="ico != null">
                ico = #{ico,jdbcType=VARCHAR},
            </if>
            <if test="wxUid != null">
                wx_uid = #{wxUid,jdbcType=VARCHAR},
            </if>
            <if test="wxIco != null">
                wx_ico = #{wxIco,jdbcType=VARCHAR},
            </if>
            <if test="wxNickname != null">
                wx_nickname = #{wxNickname,jdbcType=VARCHAR},
            </if>
            <if test="wxAddress != null">
                wx_address = #{wxAddress,jdbcType=VARCHAR},
            </if>
        </set>
        where id = #{id,jdbcType=INTEGER}
    </update>
    <!--修改用户信息-->
    <!-- <update id="updateInfo" parameterType="com.sungolden.wxapp.dto.User" >
         update user
         set
             wx_nickname = #{wxNickname,jdbcType=VARCHAR},
             ico = #{ico,jdbcType=VARCHAR}
         where id = #{id,jdbcType=INTEGER}
     </update>-->
    <update id="updateByPrimaryKey" parameterType="com.sungolden.wxapp.dto.User">
        update user
        set phone = #{phone,jdbcType=CHAR},
        name = #{name,jdbcType=VARCHAR},
        sex = #{sex,jdbcType=INTEGER},
        password = #{password,jdbcType=VARCHAR},
        role = #{role,jdbcType=INTEGER},
        ico = #{ico,jdbcType=VARCHAR},
        wx_uid = #{wxUid,jdbcType=VARCHAR},
        wx_ico = #{wxIco,jdbcType=VARCHAR},
        wx_nickname = #{wxNickname,jdbcType=VARCHAR},
        wx_address = #{wxAddress,jdbcType=VARCHAR}
        where id = #{id,jdbcType=INTEGER}
    </update>
</mapper>