<?xml version="1.0" encoding="UTF-8"?>
<configuration>
    <!-- 控制台输出 -->
    <appender name="STDOUT" class="ch.qos.logback.core.ConsoleAppender">
        <!-- 日志输出编码 -->
        <encoder charset="UTF-8">
            <!--格式化输出：%d表示日期,%-5level级别从左显示5个字符宽度,%msg：日志消息,%n是换行符-->
            <pattern>%d{yyyy-MM-dd HH:mm:ss SSS,GMT+8} %-5p [%t] - %m%n
            </pattern>
        </encoder>
    </appender>

    <!-- 按照每天生成日志文件 -->
    <appender name="FILE" class="ch.qos.logback.core.rolling.RollingFileAppender">
        <file>~/home/file/logs/wxapp/wxapp_logBack.log</file><!--log4j.config.path-->
        <append>true</append>
        <rollingPolicy class="ch.qos.logback.core.rolling.TimeBasedRollingPolicy">
            <!--日志文件输出的文件名-->
            <fileNamePattern>~/home/file/logs/wxapp/wxapp_logBack-%d{yyyy-MM-dd}.%i.log
            </fileNamePattern><!--log4j.config.filename-->
            <!--日志文件最大的大小 -->
            <timeBasedFileNamingAndTriggeringPolicy
                    class="ch.qos.logback.core.rolling.SizeAndTimeBasedFNATP">
                <maxFileSize>30857600</maxFileSize>
            </timeBasedFileNamingAndTriggeringPolicy>
            <!--日志文件保留天数 -->
            <MaxHistory>30</MaxHistory>
        </rollingPolicy>
        <encoder>
            <ImmediateFlush>false</ImmediateFlush>
            <pattern>%d{yyyy-MM-dd HH:mm:ss SSS,GMT+8} %-5p [%t] - %m%n</pattern>
            <charset class="java.nio.charset.Charset">UTF-8</charset>
        </encoder>
    </appender>
    <!-- 日志输出级别 -->
    <root level="INFO">
        <appender-ref ref="STDOUT"/>
        <appender-ref ref="FILE"/>
    </root>
</configuration> 